{"drift_detected": true, "old_test_set_f1": 0.7906976744186046, "new_test_set_f1": 0.1282339707536558}