{"champion_f1": 0.1282339707536558, "challenger_f1": 0.21580381471389645}